pseudotime,entropy_smooth
0.0,0.0
0.008695652173913,0.0
0.017391304347826,0.0
0.0260869565217391,0.0028884111629528
0.0347826086956521,0.00779906288799
0.0434782608695652,0.0127024210803123
0.0521739130434782,0.0175984916178094
0.0608695652173913,0.0224872849733185
0.0695652173913043,0.0273688170779459
0.0782608695652174,0.0322431100596714
0.0869565217391304,0.0371101928644792
0.0956521739130434,0.0419701017667566
0.1043478260869565,0.0468228807749997
0.1130434782608695,0.0516685819380857
0.1217391304347826,0.056507265556632
0.1304347826086956,0.0613390003033829
0.1391304347826086,0.0661638632563386
0.1478260869565217,0.0709819398485866
0.1565217391304348,0.0757933237397419
0.1652173913043478,0.080598116615716
0.1739130434782608,0.0853964279264404
0.1826086956521738,0.0901883745754087
0.1913043478260869,0.0949740805806978
0.2,0.0997536770810793
0.208695652173913,0.1045273037078016
0.217391304347826,0.109295110060735
0.2260869565217391,0.1140572545234231
0.2347826086956522,0.1188138951103048
0.2434782608695652,0.1235651853661066
0.2521739130434782,0.1283112640397648
0.2608695652173913,0.1330522496896627
0.2695652173913043,0.1377882388218282
0.2782608695652173,0.1425193118539047
0.2869565217391304,0.1472455427566545
0.2956521739130434,0.1519670032038659
0.3043478260869565,0.1566837631158527
0.3130434782608696,0.1613958906656561
0.3217391304347826,0.1661034522920532
0.3304347826086956,0.1708065127203079
0.3391304347826087,0.1755051349917095
0.3478260869565217,0.1801993805030972
0.3565217391304348,0.1848893090577144
0.3652173913043477,0.189574978928921
0.3739130434782609,0.1942564469384925
0.3826086956521739,0.1989337685514601
0.391304347826087,0.203606997989717
0.4,0.2082761883668981
0.4,0.2082761883668981
0.4190476190476191,0.2184900784167172
0.4380952380952381,0.228685375162324
0.4571428571428571,0.2388626113941456
0.4761904761904761,0.2490223317381283
0.4952380952380952,0.2591651154999213
0.5142857142857142,0.2692916075613429
0.5333333333333333,0.2794025599886114
0.5523809523809524,0.2894988879523135
0.5714285714285714,0.2995817448694375
0.5904761904761905,0.3096526235222855
0.6095238095238096,0.3197134925338702
0.6285714285714286,0.3297669813568386
0.6476190476190475,0.339816632430567
0.6666666666666666,0.3498672472468804
0.6857142857142857,0.3599253650610612
0.7047619047619047,0.3699999308685472
0.7238095238095238,0.3801032358529021
0.7428571428571429,0.390252252312019
0.7619047619047619,0.400470538780242
0.780952380952381,0.4107909551296327
0.8,0.4212594676017013
1.6,0.8581745093762772
1.6055555555555556,0.8604839718776719
1.611111111111111,0.8627819847150272
1.6166666666666667,0.865068181463053
1.6222222222222222,0.867342194301518
1.627777777777778,0.8696036596724116
1.6333333333333333,0.8718522236823895
1.6388888888888888,0.8740875472038688
1.6444444444444442,0.8763093103262681
1.65,0.8785172152484466
1.6555555555555557,0.8807109887332569
1.661111111111111,0.8828903844879225
1.666666666666667,0.8850551854750474
1.672222222222222,0.8872052061618726
1.6777777777777778,0.8893402947176722
1.6833333333333331,0.8914603351722796
1.6888888888888889,0.8935652495517936
1.6944444444444442,0.8956550000114771
1.7000000000000002,0.8977295903935099
1.7055555555555555,0.8997890653274336
1.711111111111111,0.9018335082918104
1.7166666666666668,0.9038630392845192
1.7222222222222223,0.905877812262213
1.727777777777778,0.9078780124858624
1.7333333333333332,0.9098638538853068
1.738888888888889,0.9118355765337708
1.7444444444444442,0.9137934443024748
1.75,0.9157377427486352
1.7555555555555558,0.9176687772751236
1.761111111111111,0.919586871588758
1.7666666666666666,0.9214923664752108
1.772222222222222,0.9233856189021846
1.777777777777778,0.9252670014581492
1.7833333333333332,0.9271369021311376
1.788888888888889,0.9289957244301548
1.7944444444444445,0.930843887849637
1.7999999999999998,0.9326818286737626
1.805555555555556,0.9345100011100506
1.8111111111111111,0.936328878727636
1.8166666666666669,0.9381389561495266
1.822222222222222,0.939940750902364
1.827777777777778,0.9417348052496484
1.8333333333333333,0.9435216877052162
1.8388888888888888,0.9453019937137
1.8444444444444443,0.947076344826411
1.85,0.9488453853967808
1.855555555555556,0.9506097734985076
1.8611111111111112,0.952370162843248
1.8666666666666667,0.95412717030728
1.872222222222222,0.9558813204388074
1.877777777777778,0.9576329538270356
1.8833333333333333,0.9593820799617054
1.8888888888888888,0.9611281469991924
1.894444444444444,0.9628696907594908
1.9,0.9646038189007586
1.905555555555556,0.9663254908136402
1.9111111111111112,0.9680265912955776
1.9166666666666667,0.9696949077998016
1.922222222222222,0.9713133744694916
1.927777777777778,0.9728604265074264
1.9333333333333331,0.9743130618318464
1.9388888888888889,0.974463833241036
1.944444444444444,0.9745079761410956
1.95,0.9744469675385712
1.955555555555556,0.974331875766238
1.961111111111111,0.9743095014955138
1.9666666666666668,0.974182433880002
1.972222222222222,0.9739518930527048
1.9777777777777776,0.9736194676891494
1.9833333333333332,0.9730966909942022
1.988888888888889,0.9723481594159532
1.994444444444444,0.9715164996423882
2.0,0.9706060417380696
2.0,0.9706060417380696
2.007017543859649,0.9696033900029036
2.0140350877192983,0.968467168880541
2.021052631578947,0.9672043206134672
2.0280701754385966,0.96572121713027
2.0350877192982457,0.9640776113756888
2.042105263157895,0.962354759832263
2.049122807017544,0.9605621372641242
2.056140350877193,0.9587090637087126
2.063157894736842,0.9563786296878112
2.070175438596491,0.9540846893464412
2.0771929824561406,0.9518266998293732
2.0842105263157897,0.9496003846234912
2.091228070175439,0.9473999352224628
2.098245614035088,0.945219398314457
2.105263157894737,0.9430533557951064
2.112280701754386,0.9408971590397116
2.119298245614035,0.938746942947566
2.126315789473684,0.9365995463186174
2.1333333333333333,0.93445240462619
2.1403508771929824,0.9323034457806224
2.147368421052632,0.9301510001606323
2.154385964912281,0.9279937272169804
2.161403508771929,0.9258305553550495
2.1684210526315786,0.9236606293849252
2.175438596491228,0.9214832748986584
2.1824561403508773,0.9192979723832052
2.1894736842105265,0.9171043372433798
2.196491228070175,0.9149021024316528
2.2035087719298247,0.9126910992983864
2.210526315789473,0.910471247898937
2.217543859649123,0.908242551279785
2.224561403508772,0.9060050893791176
2.231578947368421,0.9037590090733094
2.23859649122807,0.9015045213177586
2.245614035087719,0.8992418972381675
2.2526315789473688,0.8969714533166193
2.259649122807017,0.8945457016291416
2.2666666666666666,0.8920875371970082
2.273684210526316,0.8896128279214002
2.280701754385965,0.8871355178619136
2.287719298245614,0.884725285222894
2.294736842105263,0.8823801868007024
2.3017543859649123,0.8801421901825252
2.308771929824561,0.878059584993949
2.3157894736842106,0.8761565309354788
2.32280701754386,0.8743642630705123
2.329824561403509,0.8728113977013404
2.336842105263158,0.8715325745441772
2.343859649122807,0.8706602640514896
2.3508771929824563,0.8703060326644191
2.357894736842105,0.8703199485592272
2.364912280701754,0.8706683672699337
2.371929824561404,0.8712993784029786
2.378947368421053,0.8719388714537721
2.3859649122807016,0.8725962163747918
2.3929824561403508,0.873359573050888
2.4,0.8741783053254268
2.8000000000000003,0.85977316967886
2.807017543859649,0.8597651088461832
2.814035087719298,0.8597331488742587
2.8210526315789477,0.8596736755142441
2.828070175438597,0.8597361499455628
2.835087719298245,0.8596155090507113
2.8421052631578947,0.8597144907020311
2.849122807017544,0.859591701335816
2.856140350877193,0.8597157455707759
2.863157894736842,0.8596049957064149
2.8701754385964917,0.8597559272778136
2.8771929824561404,0.8596596313124354
2.884210526315789,0.8595690029154027
2.8912280701754387,0.8594850543165784
2.898245614035088,0.8595999443543126
2.905263157894737,0.8596299283501598
2.912280701754386,0.8595807082806093
2.919298245614035,0.8596494122523505
2.926315789473684,0.8598211345285584
2.9333333333333336,0.8598220683052055
2.9403508771929827,0.8598532182582718
2.9473684210526314,0.8601401677803863
2.954385964912281,0.8602432916446585
2.9614035087719297,0.860335957291386
2.9684210526315784,0.8606029064553935
2.9754385964912284,0.8608633148270282
2.982456140350877,0.8610331487572708
2.9894736842105263,0.8612845822390822
2.996491228070175,0.8616759823981608
3.003508771929825,0.8619187822446721
3.0105263157894733,0.8621894091890957
3.017543859649123,0.8626068568652123
3.024561403508772,0.8629522659525517
3.031578947368421,0.8632772549051316
3.03859649122807,0.8636695913424511
3.045614035087719,0.8640824495562519
3.0526315789473686,0.8644436748202226
3.0596491228070177,0.8648252479888592
3.066666666666667,0.8652588685541933
3.073684210526316,0.8656448226595032
3.0807017543859647,0.8660351705885035
3.0877192982456143,0.8664493357762241
3.094736842105263,0.8668540892195572
3.101754385964912,0.8672514093707097
3.1087719298245613,0.8676552264798723
3.1157894736842104,0.8680623888700463
3.12280701754386,0.8684635333884188
3.129824561403509,0.8688671565870021
3.136842105263158,0.8692735430991168
3.1438596491228066,0.8696799988577566
3.150877192982456,0.8700882246654607
3.1578947368421053,0.8704999357271722
3.1649122807017545,0.8709156618204993
3.171929824561404,0.8713321149751969
3.1789473684210527,0.8717530947560809
3.185964912280701,0.8721867736955997
3.192982456140351,0.8726003526723161
3.2,0.87304791250869
3.2,0.87304791250869
3.223529411764705,0.8746181592534223
3.247058823529412,0.8763062416944781
3.2705882352941176,0.8780607554556644
3.294117647058823,0.879812385623356
3.3176470588235296,0.8813754770279629
3.341176470588236,0.8829620027252957
3.364705882352941,0.8845810457043293
3.388235294117647,0.8862465741302507
3.4117647058823533,0.8879829029662022
3.4352941176470586,0.889835258403393
3.458823529411765,0.8918833616539124
3.48235294117647,0.894230047823179
3.505882352941177,0.8965856503124744
3.5294117647058827,0.8989311332558495
3.552941176470588,0.901248730849346
3.5764705882352943,0.9034863907108072
3.6,0.9057123471021412
3.6,0.9057123471021412
3.612903225806452,0.906913767868253
3.625806451612903,0.9081548230335816
3.638709677419355,0.9093357334825364
3.651612903225807,0.9105052235723308
3.664516129032258,0.911640363519282
3.6774193548387095,0.91273382944405
3.690322580645162,0.913806582932558
3.703225806451613,0.9148067939317936
3.7161290322580647,0.9158049513810516
3.729032258064516,0.9167084254335376
3.741935483870968,0.9176078966926784
3.7548387096774194,0.9184122248379748
3.767741935483871,0.9191956079004276
3.780645161290322,0.9199106265396224
3.793548387096775,0.9205703918660056
3.8064516129032255,0.9212082538509536
3.819354838709677,0.9217427551783488
3.832258064516129,0.9223210261544164
3.8451612903225807,0.9227576793710875
3.858064516129032,0.9232675045772484
3.870967741935484,0.9236368395953
3.883870967741936,0.9240539810299012
3.8967741935483873,0.9243999048446692
3.9096774193548383,0.924736965800166
3.9225806451612906,0.9250749612803048
3.9354838709677415,0.9253460017173126
3.9483870967741934,0.9257239808104668
3.961290322580645,0.926120441534036
3.9741935483870967,0.9265142069229456
3.987096774193549,0.9268623595540426
4.0,0.9272131684792044
4.0,0.9272131684792044
4.057142857142857,0.9290817517142572
4.114285714285715,0.9315815656112268
4.171428571428572,0.934390680230182
4.228571428571428,0.937443574816232
4.285714285714286,0.9399744192004168
4.342857142857143,0.9411470981807304
4.4,0.9409310403750488
4.4,0.9409310403750488
4.410810810810811,0.9407007378978836
4.421621621621622,0.9404391571731996
4.4324324324324325,0.940129139454998
4.443243243243243,0.9397795576044128
4.454054054054054,0.9394070587995678
4.464864864864865,0.93902548687178
4.475675675675676,0.938647891062091
4.486486486486486,0.9382924873814767
4.4972972972972975,0.9379832166793426
4.508108108108108,0.9377249200278658
4.518918918918919,0.9375074690976748
4.5297297297297305,0.9373428901003584
4.54054054054054,0.9372357620515172
4.551351351351352,0.9372074399822842
4.562162162162162,0.9371764877832864
4.572972972972973,0.9371255810016736
4.583783783783783,0.9371520790669656
4.594594594594595,0.9371768143325778
4.605405405405405,0.9372108445746138
4.616216216216216,0.9373527211983828
4.627027027027028,0.937440086964799
4.6378378378378375,0.9375502637465756
4.648648648648648,0.9377737929402234
4.65945945945946,0.9379230472293578
4.670270270270271,0.938086201053773
4.681081081081081,0.938363293331148
4.691891891891892,0.9385436581353944
4.702702702702703,0.9387268437548252
4.713513513513513,0.939028701931033
4.724324324324324,0.9392166806285632
4.735135135135136,0.939416236517651
4.745945945945945,0.939770023578727
4.756756756756756,0.9400551696386578
4.767567567567568,0.9404482602586968
4.778378378378378,0.941126459513594
4.78918918918919,0.9417726728347876
4.8,0.9424351453788558
4.8,0.9424351453788558
4.804651162790697,0.9427414364459406
4.809302325581395,0.9430454717451644
4.813953488372093,0.9433551821977784
4.818604651162791,0.9436584865046208
4.823255813953488,0.9439903873347838
4.8279069767441865,0.9442910657861197
4.832558139534883,0.9446164048843736
4.837209302325581,0.9449326969433316
4.841860465116278,0.9452191942843112
4.846511627906977,0.9455744338511672
4.851162790697674,0.9458508746640988
4.855813953488372,0.9461696096168284
4.8604651162790695,0.9464735200786348
4.865116279069768,0.9467316890817896
4.869767441860465,0.9470839842540656
4.874418604651163,0.947438404628588
4.879069767441861,0.947631886805225
4.883720930232559,0.9479299339951318
4.888372093023255,0.9481432430570036
4.8930232558139535,0.9484113579430268
4.897674418604651,0.9486482644933056
4.902325581395349,0.9488928390730008
4.906976744186046,0.9491545990612528
4.911627906976745,0.9493830183155773
4.916279069767442,0.9496689814110044
4.92093023255814,0.9498882030222398
4.925581395348837,0.9501965423139797
4.930232558139535,0.9504118124175692
4.934883720930233,0.9507402462206488
4.939534883720931,0.9509540609624424
4.944186046511628,0.951288940757053
4.948837209302326,0.9515176667856684
4.953488372093023,0.9518501039576898
4.9581395348837205,0.9520982887593168
4.962790697674419,0.9524192161497828
4.967441860465117,0.9526802317000314
4.972093023255814,0.952985432883752
4.976744186046512,0.953253400838544
4.981395348837209,0.9535350528770176
4.986046511627907,0.9538051102484992
4.990697674418605,0.9540519198459771
4.995348837209302,0.9543203186971992
5.0,0.9545178872663216
5.004651162790697,0.9547819452912822
5.009302325581395,0.9549133464802708
5.013953488372093,0.955171262861968
5.01860465116279,0.9552178175000818
5.023255813953488,0.9554588746873948
5.027906976744187,0.9554106292418508
5.032558139534884,0.9556067212599344
5.037209302325581,0.9555083395972144
5.04186046511628,0.9556131512837176
5.046511627906977,0.9554665900856292
5.051162790697674,0.9554595020486496
5.055813953488372,0.9552650526494932
5.060465116279069,0.9551295939999608
5.065116279069768,0.9548879288606992
5.069767441860464,0.9546105483626806
5.074418604651163,0.9543224017536382
5.079069767441861,0.9538936069482707
5.083720930232558,0.9535598774365536
5.088372093023255,0.9529750272084604
5.093023255813954,0.9525976137268012
5.097674418604651,0.9518569936599304
5.102325581395349,0.9514406282445028
5.106976744186046,0.9505158681085892
5.111627906976745,0.9495881072555268
5.116279069767442,0.9487551197586604
5.120930232558139,0.9479397565042664
5.125581395348837,0.9469298293139584
5.130232558139535,0.9459365863433892
5.134883720930232,0.9450184522395978
5.1395348837209305,0.9439586710958702
5.144186046511628,0.9428314909515314
5.148837209302326,0.9418367150802736
5.153488372093023,0.9407567572751548
5.158139534883722,0.9395257749082104
5.162790697674419,0.938479936565945
5.167441860465116,0.9374044953525754
5.1720930232558135,0.936106515698398
5.176744186046513,0.9350271911327568
5.181395348837209,0.93394757228561
5.186046511627907,0.9326750159583572
5.190697674418605,0.9315462955427436
5.195348837209302,0.9304632792388816
5.2,0.9292466676262828
5.2,0.9292466676262828
5.208888888888889,0.92713109951373
5.217777777777778,0.9249203627158082
5.226666666666667,0.9227885410198922
5.235555555555555,0.9207897623016436
5.244444444444444,0.9187109640669888
5.253333333333333,0.9168042454394713
5.2622222222222215,0.9149232945237368
5.271111111111111,0.9130694073328048
5.28,0.9112440017428608
5.288888888888889,0.9094481625790972
5.297777777777778,0.9076820284547764
5.306666666666668,0.905944067108971
5.315555555555555,0.9042303972346442
5.324444444444445,0.9025343172245732
5.333333333333333,0.900855287419506
5.342222222222222,0.8991882472485857
5.351111111111111,0.8975166360267367
5.36,0.8958296366017644
5.368888888888889,0.8941175456288964
5.377777777777778,0.8923729678111965
5.386666666666667,0.8905921913599837
5.395555555555555,0.8887766191724369
5.404444444444444,0.8869339304152484
5.413333333333333,0.8850492675642424
5.422222222222222,0.8831362245320942
5.431111111111111,0.881251956902625
5.44,0.8794261257997098
5.448888888888889,0.8776875737282105
5.457777777777778,0.8760618044178135
5.466666666666667,0.8745690216597864
5.475555555555555,0.8732227912899861
5.484444444444444,0.8720292676685045
5.493333333333333,0.8710220513225149
5.502222222222223,0.8701573560551936
5.511111111111111,0.8694010334975218
5.5200000000000005,0.8687278453745327
5.528888888888889,0.8681078222933846
5.537777777777778,0.8675084419333665
5.546666666666667,0.8668948213397089
5.555555555555555,0.8662478373989131
5.564444444444444,0.8656863815064928
5.573333333333333,0.8651304451391653
5.582222222222222,0.8644221847645753
5.591111111111111,0.8638734841992649
5.6000000000000005,0.8632240399604213
5.6000000000000005,0.8632240399604213
5.604494382022471,0.8627775895346197
5.608988764044945,0.8622250987524088
5.613483146067416,0.8619661431896576
5.617977528089887,0.8614426554269886
5.62247191011236,0.8607802161339445
5.626966292134831,0.8604202839679362
5.631460674157304,0.859807070741265
5.635955056179776,0.8590231199020423
5.640449438202247,0.8585385619350652
5.64494382022472,0.8578272699680639
5.649438202247191,0.856915231711843
5.653932584269663,0.8562898888951241
5.658426966292135,0.8554739051086335
5.662921348314606,0.8544290695383677
5.667415730337079,0.8536508517849538
5.671910112359551,0.8527231189588361
5.676404494382022,0.8515402463245092
5.680898876404495,0.8505987914856596
5.685393258426966,0.8495507498363332
5.689887640449438,0.8482223516904773
5.69438202247191,0.8471076140985341
5.698876404494381,0.8459288707535207
5.703370786516854,0.8444430974794235
5.707865168539326,0.8434201793299171
5.712359550561797,0.842052997559296
5.71685393258427,0.8407934060890996
5.721348314606742,0.8391832999411609
5.725842696629213,0.8375072588942831
5.730337078651685,0.8360688767407116
5.734831460674158,0.8343929826051892
5.739325842696629,0.8325101991956989
5.7438202247191015,0.8306077280551841
5.748314606741573,0.8289983512606789
5.752808988764045,0.8268841435798052
5.757303370786517,0.8246779706888934
5.761797752808989,0.8226788902560177
5.76629213483146,0.8205778829728325
5.770786516853933,0.8181095558291981
5.775280898876405,0.8155397583652697
5.779775280898876,0.8134939339352103
5.784269662921348,0.8107954395518439
5.788764044943821,0.8079404785173782
5.793258426966292,0.8052419465658727
5.797752808988764,0.8026733227488972
5.8022471910112365,0.7995065980630599
5.806741573033708,0.7962213189088377
5.81123595505618,0.7934164782409545
5.815730337078652,0.7900788176126096
5.820224719101123,0.7863998339993361
5.824719101123596,0.782709828403714
5.829213483146067,0.7793367370465998
5.833707865168539,0.7751490072909081
5.838202247191012,0.7705065164801792
5.842696629213483,0.7657953950245049
5.847191011235955,0.7609151086646732
5.8516853932584265,0.7559674907366501
5.856179775280898,0.7508905767466025
5.860674157303371,0.7456265306001917
5.865168539325842,0.7401776726153779
5.869662921348315,0.73454813151641
5.874157303370787,0.728635424621781
5.878651685393258,0.7225219694278444
5.883146067415731,0.7162398909981162
5.8876404494382015,0.709792384366943
5.892134831460673,0.7033284092586444
5.896629213483147,0.6967376105121195
5.901123595505617,0.6900167261159094
5.905617977528089,0.6831759037562394
5.9101123595505625,0.6762177197150204
5.914606741573034,0.6689801312924364
5.919101123595506,0.6616529886085901
5.923595505617978,0.6542589772144479
5.92808988764045,0.6468551868989258
5.932584269662922,0.6395798007115944
5.937078651685393,0.6322971310108801
5.941573033707865,0.6250264266426546
5.9460674157303375,0.6177863522141903
5.950561797752809,0.610552985669465
5.955056179775281,0.6033090007473518
5.959550561797753,0.5961733700321696
5.964044943820225,0.5891553529016664
5.968539325842697,0.5822882672634075
5.973033707865168,0.5755587114359215
5.97752808988764,0.5689178417869509
5.9820224719101125,0.5623589245336827
5.986516853932584,0.5558711637214157
5.991011235955056,0.549444535747257
5.995505617977528,0.5430850026031457
6.0,0.536774871916689
6.0,0.536774871916689
6.003571428571428,0.5317243488200515
6.007142857142856,0.5266516514412332
6.010714285714286,0.5215814180614068
6.014285714285714,0.5165356043160869
6.017857142857142,0.5114659940880439
6.021428571428572,0.5063658460413764
6.025,0.5012302778362857
6.0285714285714285,0.4959615291952134
6.032142857142857,0.4905514479373482
6.035714285714286,0.4850654287797336
6.039285714285715,0.4795070888224012
6.042857142857143,0.4740557784092061
6.046428571428572,0.4686560241052789
6.05,0.4632491009294079
6.053571428571428,0.4578475840229192
6.057142857142857,0.4524653798541707
6.060714285714286,0.4468528216453545
6.064285714285714,0.4412147653489823
6.067857142857143,0.4356261729778021
6.071428571428572,0.4301079543772619
6.075,0.4250155946055579
6.078571428571429,0.4200503383126053
6.082142857142857,0.4152079917152627
6.085714285714285,0.4104977299249363
6.089285714285715,0.4058957910217158
6.092857142857143,0.4011127859277882
6.096428571428572,0.3964754636029551
6.1,0.3919835854026238
6.103571428571428,0.3877135996079265
6.107142857142857,0.383870366041639
6.110714285714285,0.3801689216810751
6.114285714285714,0.3766059706175472
6.117857142857143,0.3731781574470047
6.121428571428571,0.3697549701665538
6.125,0.3662241029422812
6.128571428571429,0.3628298904438525
6.132142857142857,0.3595824551712311
6.135714285714285,0.3566645225983265
6.139285714285715,0.3540837386800907
6.142857142857143,0.3516522014481151
6.146428571428571,0.3493701062515982
6.15,0.3472351616947257
6.1535714285714285,0.3451173211670237
6.157142857142857,0.3431204164648863
6.160714285714285,0.3413356327746787
6.164285714285715,0.3397492687184384
6.167857142857143,0.3383467627058905
6.171428571428571,0.3370095263498873
6.175000000000001,0.3356945728757599
6.178571428571429,0.3343764418647439
6.182142857142857,0.3330325069229119
6.185714285714285,0.3317801174614616
6.189285714285715,0.3305265592387245
6.192857142857143,0.3292289014994314
6.196428571428571,0.3278677695153807
6.2,0.3254116492600588
6.203571428571428,0.3244779625104408
6.207142857142856,0.3226606868135496
6.210714285714285,0.321146666804656
6.214285714285714,0.3196146981477038
6.217857142857143,0.3176811950367859
6.221428571428572,0.3159394367952821
6.2250000000000005,0.3142712963124455
6.228571428571429,0.3122902175659534
6.232142857142858,0.3103758081836496
6.235714285714286,0.3086269718566702
6.239285714285715,0.3066664547980279
6.242857142857144,0.3046524662506064
6.246428571428572,0.3028842877582764
6.25,0.3010080108810257
6.253571428571428,0.2989846419682819
6.257142857142856,0.2972570693242516
6.260714285714285,0.2955088819296952
6.264285714285714,0.2935673730057797
6.267857142857142,0.2919210744362454
6.271428571428571,0.2902933639913442
6.275,0.2885245847541933
6.2785714285714285,0.2869303506641019
6.2821428571428575,0.2853542540025707
6.285714285714286,0.2837221392527813
6.289285714285715,0.2821168154864434
6.292857142857144,0.2804636397784454
6.296428571428572,0.2787726777825602
6.3,0.2770055743469244
6.303571428571429,0.2750439630147457
6.307142857142857,0.2730101525513388
6.310714285714285,0.2708997110971758
6.314285714285715,0.2683895927062086
6.317857142857143,0.2657656840354107
6.321428571428571,0.2632818593850955
6.324999999999999,0.2601997770617552
6.328571428571429,0.2570267242791407
6.332142857142857,0.2544931971979653
6.335714285714285,0.2512652829677034
6.339285714285715,0.2481214919044415
6.342857142857143,0.2459258007529222
6.346428571428572,0.2433705560806556
6.35,0.2409484520755514
6.353571428571429,0.2394779607880416
6.357142857142857,0.2380269768881395
6.360714285714285,0.236616928752131
6.364285714285715,0.2360191562188641
6.367857142857143,0.2357398441236082
6.371428571428571,0.2353496943486328
6.375,0.235582608483821
6.378571428571429,0.2363742092143577
6.382142857142857,0.2368750063453258
6.385714285714286,0.2378019381450786
6.389285714285715,0.2395189234531021
6.392857142857143,0.2407843373598749
6.396428571428572,0.2423314600638162
6.4,0.2448859366066353
6.4,0.2448859366066353
6.401860465116279,0.2455915592683971
6.403720930232558,0.2470907836613566
6.405581395348837,0.2486821739278698
6.407441860465116,0.2497859115118688
6.409302325581394,0.2514295325176477
6.411162790697675,0.2532715764072005
6.413023255813954,0.2548130634603167
6.414883720930233,0.2566281675480496
6.416744186046511,0.2586946754177034
6.418604651162791,0.2605949049332988
6.420465116279069,0.262570106652607
6.422325581395349,0.2648111591368948
6.424186046511627,0.2669786094507063
6.426046511627907,0.2691016823464532
6.427906976744185,0.2714766901842146
6.429767441860466,0.27383864248214
6.431627906976745,0.276112623253762
6.433488372093024,0.2785903830213935
6.435348837209302,0.2810823748326261
6.437209302325582,0.2835308925833943
6.439069767441861,0.2860798386034543
6.44093023255814,0.2886367780898519
6.442790697674418,0.2912453826371058
6.444651162790698,0.2938539052068566
6.446511627906975,0.2964360460998553
6.448372093023257,0.2991207039712506
6.450232558139536,0.301783687233106
6.452093023255814,0.3043454441760316
6.453953488372093,0.3070141428601999
6.455813953488372,0.3097160122978928
6.45767441860465,0.312210995732323
6.45953488372093,0.3147782240330335
6.461395348837209,0.3174979287094929
6.463255813953488,0.3198861154405048
6.465116279069767,0.3222834059688451
6.466976744186047,0.3250045235245142
6.468837209302326,0.3272582750621305
6.470697674418605,0.329456167992434
6.472558139534884,0.332091297878302
6.474418604651163,0.3342572256930819
6.476279069767442,0.3362957247304207
6.478139534883721,0.3387236696610921
6.48,0.3408267992055531
6.481860465116278,0.3426868331373666
6.483720930232558,0.3448663655181698
6.485581395348836,0.346906574282638
6.487441860465117,0.3485649816520985
6.489302325581395,0.3504474927573212
6.4911627906976745,0.3524131428840065
6.493023255813953,0.3538371891847814
6.494883720930233,0.3553626434687021
6.496744186046511,0.3572163379098154
6.498604651162791,0.3583603408176212
6.500465116279069,0.3594642026912421
6.502325581395349,0.361141408490461
6.504186046511627,0.3611484630839851
6.506046511627908,0.3618591224756755
6.507906976744186,0.3624603065885255
6.509767441860466,0.3629523409375136
6.511627906976745,0.3633358526058178
6.513488372093024,0.3636117269566795
6.515348837209302,0.3637811111240962
6.517209302325582,0.3638454308177636
6.519069767441859,0.3638064205020946
6.520930232558139,0.3636661721866274
6.522790697674417,0.3634272044393586
6.524651162790698,0.3630924536931491
6.526511627906977,0.3626652358993993
6.528372093023256,0.3621491973992359
6.530232558139534,0.3615482561799344
6.532093023255814,0.3608665323580631
6.533953488372093,0.3601082682263324
6.535813953488372,0.3592777778906283
6.5376744186046505,0.3583795014726982
6.53953488372093,0.3574179217283397
6.541395348837209,0.3563974202385068
6.543255813953489,0.3553221135350771
6.545116279069768,0.354195738350288
6.546976744186047,0.3530217497983615
6.548837209302326,0.351803314043594
6.550697674418605,0.3505435438729629
6.552558139534884,0.3492454996450014
6.554418604651162,0.3479121466408591
6.556279069767442,0.3465464411939877
6.55813953488372,0.3451512702037013
6.559999999999999,0.3437296615006343
6.561860465116279,0.3422847888045575
6.563720930232559,0.3408198985524769
6.565581395348837,0.3393382444587766
6.567441860465117,0.3378430268197581
6.569302325581395,0.3363373454488825
6.571162790697675,0.3348241884983267
6.573023255813953,0.3333063876579344
6.574883720930233,0.3317865302599213
6.576744186046511,0.3302667977849735
6.578604651162791,0.3287489188666634
6.580465116279069,0.3272341529803748
6.58232558139535,0.32572331359188
6.584186046511629,0.3242168576736053
6.586046511627908,0.3227151789253237
6.587906976744186,0.3212186977515816
6.589767441860466,0.3197278763055592
6.591627906976743,0.3182432301632093
6.593488372093023,0.3167652961928204
6.595348837209301,0.3152944866627873
6.597209302325581,0.3138310917837969
6.59906976744186,0.3123753182843257
6.60093023255814,0.3109273211004228
6.602790697674418,0.3094872298478012
6.604651162790698,0.3080551713797249
6.606511627906977,0.3066312901079506
6.608372093023256,0.3052157010148361
6.610232558139535,0.3038082630848294
6.612093023255814,0.3024085767247715
6.613953488372093,0.3010160588821586
6.615813953488372,0.2996300554598989
6.6176744186046506,0.2982498186888789
6.619534883720931,0.2968742275616325
6.62139534883721,0.295501734305619
6.623255813953489,0.2941301848858704
6.625116279069768,0.2927569104030862
6.626976744186046,0.2913788887621652
6.628837209302326,0.2899928928735338
6.630697674418604,0.2885955854536008
6.632558139534883,0.2871834906338344
6.634418604651162,0.2857530704305328
6.636279069767442,0.28430081721416
6.63813953488372,0.28282332784465
6.640000000000001,0.2813173629209006
6.641860465116279,0.2797798942433839
6.643720930232559,0.278208143040479
6.645581395348837,0.2765996108539784
6.647441860465117,0.2749521043139705
6.649302325581395,0.2732637544422954
6.651162790697675,0.271533030672778
6.653023255813953,0.2697587495112457
6.654883720930233,0.2679400777056537
6.65674418604651,0.266076472217555
6.658604651162792,0.2641674293059308
6.66046511627907,0.2622123458141459
6.66232558139535,0.2602104920847096
6.664186046511627,0.2581610204671496
6.666046511627907,0.2560629961958556
6.667906976744185,0.2539154547326131
6.669767441860465,0.2517174857844076
6.671627906976744,0.2494683453933682
6.673488372093023,0.247167539650286
6.6753488372093015,0.2448147244109961
6.677209302325582,0.2424097323742111
6.679069767441861,0.2399526676829015
6.68093023255814,0.2374440367768859
6.6827906976744185,0.2348848635782037
6.684651162790698,0.2322767408731715
6.686511627906977,0.2296215905089164
6.688372093023256,0.2269213931417564
6.690232558139535,0.2241781115093662
6.692093023255814,0.2213936624332905
6.693953488372092,0.2185698884636566
6.695813953488373,0.2157085304644861
6.697674418604652,0.2135128058217024
6.69953488372093,0.2098798933686767
6.7013953488372096,0.2062956755339921
6.703255813953488,0.2027617259646418
6.705116279069767,0.1992737042632303
6.706976744186046,0.1958243467967557
6.708837209302326,0.1924056079042707
6.710697674418604,0.1890098532783795
6.712558139534883,0.185630381079333
6.714418604651163,0.182261569762331
6.716279069767443,0.1788988076896735
6.718139534883721,0.1755383469020766
6.720000000000001,0.1721771486098287
6.721860465116279,0.1688127527100792
6.723720930232559,0.1654431906614555
6.725581395348837,0.1620668992433348
6.727441860465117,0.158682669526169
6.729302325581394,0.1552895823944161
6.731162790697674,0.1519137419176474
6.733023255813952,0.1486150909260585
6.734883720930234,0.1451767647113411
6.736744186046511,0.1417400598929302
6.738604651162791,0.1383098843021657
6.740465116279069,0.1348896380683541
6.742325581395349,0.1314815390699172
6.744186046511628,0.128086882642867
6.746046511627907,0.1247062531218272
6.7479069767441855,0.121339697199212
6.749767441860465,0.1179868655239438
6.751627906976744,0.1146471273048279
6.753488372093024,0.1113196618773635
6.755348837209303,0.1080035307259989
6.757209302325582,0.1046977330985809
6.759069767441861,0.101401248017511
6.76093023255814,0.0981130716041823
6.7627906976744185,0.0948322639350944
6.764651162790698,0.0915579686621565
6.766511627906976,0.0880496713077859
6.768372093023255,0.0847843254278398
6.770232558139534,0.0815542956830548
6.772093023255814,0.0783781230417947
6.7739534883720935,0.0752689864208724
6.775813953488372,0.0722355183387823
6.777674418604651,0.0692825535007971
6.77953488372093,0.066411827080952
6.78139534883721,0.0636226202010163
6.783255813953488,0.0609123436921948
6.785116279069767,0.0582770517174082
6.786976744186046,0.0557118804318442
6.788837209302326,0.0532114112508576
6.790697674418604,0.0507699622076572
6.792558139534885,0.0483818137605513
6.794418604651163,0.0460413771373892
6.796279069767443,0.0437433140146721
6.798139534883721,0.0414826162549285
6.800000000000001,0.0390348906154717
6.800000000000001,0.0390348906154717
6.866666666666667,0.0127883409534325
6.933333333333333,0.0443400548935206
7.0,0.0643351639005752
7.066666666666666,0.0671482116826791
7.133333333333333,0.0416152207722704
7.199999999999999,0.0628059062928522
7.199999999999999,0.0628059062928522
7.203418803418803,0.0652349606805443
7.206837606837607,0.0678043139801091
7.21025641025641,0.0705068062203172
7.213675213675214,0.0736656315614669
7.217094017094016,0.0769374737642854
7.22051282051282,0.0799714185963927
7.223931623931624,0.0831194761463332
7.227350427350427,0.0863923878104802
7.230769230769231,0.0897991966978372
7.234188034188033,0.0933461381770456
7.237606837606837,0.0970352925762416
7.241025641025641,0.1008630048022592
7.2444444444444445,0.1048180806601907
7.247863247863248,0.1088797543524948
7.25128205128205,0.1135130477839459
7.254700854700854,0.1177139643767915
7.258119658119658,0.121996337253044
7.261538461538461,0.1263654765087744
7.264957264957265,0.1308253110324549
7.268376068376067,0.1353777156655089
7.271794871794871,0.1400217105441956
7.275213675213675,0.1447525345691032
7.2786324786324785,0.1495605952859165
7.282051282051282,0.1544302966197074
7.285470085470084,0.1594234767113608
7.288888888888888,0.1643308763258859
7.292307692307692,0.1692721059483408
7.295726495726496,0.1742494462395582
7.299145299145299,0.1792645797192646
7.302564102564101,0.1843182939497651
7.305982905982905,0.1894100979132939
7.309401709401709,0.194537717472591
7.312820512820513,0.1996964782838695
7.316239316239316,0.2048784962718384
7.3196581196581185,0.2097201259360664
7.323076923076922,0.2148816523582018
7.326495726495726,0.2200491223149233
7.32991452991453,0.2252251444358873
7.333333333333333,0.2304125360482436
7.336752136752135,0.2356142555879027
7.340170940170939,0.2408332943458598
7.343589743589743,0.2460724648228602
7.347008547008547,0.2513340363808158
7.35042735042735,0.2566190997037051
7.353846153846153,0.2615479713243075
7.357264957264956,0.2664608198768047
7.36068376068376,0.2717754883739977
7.364102564102564,0.277126776080954
7.367521367521367,0.2825265449967652
7.37094017094017,0.2879888851235136
7.374358974358973,0.2935296554096539
7.377777777777777,0.2991650488974148
7.381196581196581,0.3049086634917324
7.384615384615384,0.3107670267144359
7.388034188034187,0.3167353788867159
7.39145299145299,0.319984901974468
7.394871794871794,0.3245636890915493
7.398290598290598,0.3291179116412096
7.401709401709402,0.3336444552409885
7.405128205128204,0.3381404454624158
7.40854700854701,0.3426032971213427
7.411965811965812,0.3486150272743985
7.415384615384616,0.3514191573485268
7.418803418803419,0.3541556726175099
7.422222222222223,0.3568362432408803
7.425641025641027,0.3594743441104435
7.429059829059829,0.3620797905319838
7.432478632478633,0.3651130034545599
7.435897435897436,0.368708727410841
7.43931623931624,0.3711975294401145
7.442735042735044,0.3736530363721463
7.446153846153846,0.3760734403511327
7.44957264957265,0.3784574320375855
7.452991452991453,0.3808040477011198
7.4564102564102575,0.3844109121819568
7.459829059829061,0.3866307568389117
7.463247863247863,0.3888056304479596
7.466666666666667,0.3909335216688765
7.47008547008547,0.3930132855913634
7.473504273504274,0.3950444555110682
7.476923076923078,0.3979515525662966
7.48034188034188,0.3999329359814589
7.483760683760684,0.4017574878247747
7.487179487179487,0.4035273199860975
7.4905982905982915,0.4052413541017682
7.494017094017095,0.4068994409017691
7.4974358974358974,0.4086432234659823
7.500854700854701,0.4107028751098447
7.504273504273504,0.412135458965189
7.507692307692307,0.4135089948155989
7.511111111111112,0.4148224966072997
7.514529914529914,0.4160763256549654
7.517948717948718,0.4172719153352675
7.521367521367521,0.4187363341290515
7.524786324786326,0.4197646398217355
7.528205128205129,0.4207350296480358
7.5316239316239315,0.4216467867777113
7.535042735042735,0.4225009712282573
7.538461538461538,0.4232999607906464
7.541880341880343,0.4240688616313239
7.545299145299146,0.4247254958996465
7.5487179487179485,0.4253275994621464
7.552136752136752,0.4258793545323546
7.555555555555555,0.4263822814009123
7.55897435897436,0.4268393219051812
7.562393162393163,0.4272336419054985
7.565811965811966,0.4273876520280315
7.569230769230769,0.4276951791108512
7.572649572649572,0.4279655486029077
7.576068376068377,0.4282001600812725
7.57948717948718,0.4284018008257674
7.582905982905983,0.4285740524846828
7.586324786324786,0.4283336458031051
7.589743589743589,0.4284388767772901
7.593162393162394,0.4285209747116764
7.596581196581197,0.4285807293825413
7.6,0.4286201959705316
7.6,0.4286201959705316
7.640000000000001,0.4256406453191456
7.68,0.4231327055993501
7.720000000000001,0.4232798301078704
7.759999999999999,0.4232912091670242
7.800000000000001,0.423155893778575
7.84,0.4229374585513791
7.879999999999999,0.4253820432294835
7.92,0.4281175544546304
7.959999999999999,0.4298655723932737
8.0,0.4281728829708003
8.0,0.4281728829708003
8.002234636871508,0.4278865690179144
8.004469273743016,0.4275721813013741
8.006703910614524,0.4272258868514285
8.008938547486032,0.4268443300352514
8.011173184357542,0.4264250694455576
8.01340782122905,0.425967126674609
8.015642458100558,0.4254716476232751
8.017877094972066,0.4248647197970174
8.020111731843574,0.4242229739282395
8.022346368715084,0.4236308704021889
8.024581005586592,0.4230041593010523
8.0268156424581,0.4223396613972978
8.029050279329608,0.4216347585685415
8.031284916201118,0.4208877387027777
8.033519553072626,0.4200981910224223
8.035754189944134,0.4192674287365787
8.037988826815642,0.4183989071846744
8.040223463687152,0.4173717064305538
8.04245810055866,0.4164452221586164
8.044692737430168,0.4154865449033148
8.046927374301676,0.4144942146005446
8.049162011173184,0.4134673481902799
8.051396648044694,0.4124058270691994
8.053631284916202,0.4113104672586213
8.05586592178771,0.4101831333112342
8.058100558659218,0.4090267416601597
8.060335195530726,0.4078440302798917
8.062569832402236,0.4066605824386333
8.064804469273742,0.4054545058235301
8.067039106145252,0.4042273449412434
8.06927374301676,0.4029794653973393
8.07150837988827,0.4017116941701666
8.073743016759776,0.400425314445841
8.075977653631286,0.3991219575349777
8.078212290502794,0.3978033205425912
8.080446927374304,0.3964706034389676
8.08268156424581,0.3954629024917975
8.084916201117318,0.3941487214942421
8.087150837988826,0.392822706325111
8.089385474860334,0.3914842608665546
8.091620111731842,0.3901328023350641
8.093854748603352,0.3887677065795857
8.09608938547486,0.3873881592042676
8.098324022346368,0.3859928335735593
8.100558659217876,0.3845792604144865
8.102793296089384,0.3840745345959557
8.105027932960894,0.382829963347836
8.107262569832402,0.3814593847273076
8.10949720670391,0.3800668978116981
8.111731843575418,0.3786522187130761
8.113966480446928,0.3772181492805997
8.116201117318436,0.37577235876712
8.118435754189944,0.3743291422787398
8.120670391061452,0.3729098329364665
8.122905027932962,0.3715389000996757
8.12513966480447,0.3754722483475184
8.127374301675978,0.3771817146694794
8.129608938547486,0.3790920755179994
8.131843575418994,0.3811432353290444
8.134078212290504,0.383281991878837
8.136312849162012,0.385463685019997
8.13854748603352,0.3876524871025915
8.140782122905028,0.3898208493882931
8.143016759776536,0.3919483625441525
8.145251396648046,0.3940205113174419
8.147486033519552,0.3960275425010935
8.149720670391062,0.3979634581598259
8.15195530726257,0.3998251570413215
8.15418994413408,0.4016117333329405
8.156424581005586,0.4033239222061924
8.158659217877096,0.4049636727738494
8.160893854748604,0.4065338279788439
8.16312849162011,0.4080378900223342
8.16536312849162,0.4094798527970742
8.167597765363128,0.410864086521968
8.169832402234636,0.4121952631118897
8.172067039106144,0.4134783144488771
8.174301675977652,0.4147184180592877
8.176536312849162,0.4159210067983622
8.17877094972067,0.4170918009186328
8.181005586592178,0.4182368622961509
8.183240223463686,0.4193626716836336
8.185474860335194,0.4204762996762611
8.187709497206704,0.4215857270730216
8.189944134078212,0.4226998516507693
8.19217877094972,0.4238285349255141
8.194413407821228,0.4249827963726538
8.196648044692738,0.4261747950959226
8.198882681564246,0.4274178162468279
8.201117318435754,0.4287262998558474
8.203351955307262,0.4301158612569213
8.205586592178772,0.4316032322358265
8.20782122905028,0.4332060287290231
8.210055865921788,0.4349422618510571
8.212290502793296,0.4368295503039894
8.214525139664804,0.4388838078641562
8.216759776536314,0.4411172361850844
8.218994413407822,0.4435356810492676
8.22122905027933,0.4461357324926674
8.223463687150838,0.4489021843225328
8.225698324022346,0.4518064456714866
8.227932960893856,0.4548074675168495
8.230167597765362,0.4578554741033487
8.232402234636872,0.4608977616036568
8.23463687150838,0.4638855482370889
8.23687150837989,0.4667790814382663
8.239106145251396,0.4695515848419371
8.241340782122904,0.4721908652788578
8.243575418994414,0.4746980606134959
8.24581005586592,0.4770836296860981
8.24804469273743,0.4793636767058455
8.250279329608938,0.4815560384099213
8.252513966480446,0.4836779755361647
8.254748603351954,0.4857448628189639
8.256983240223462,0.4877693394134689
8.259217877094972,0.4897606772774251
8.26145251396648,0.4917248091429691
8.263687150837988,0.493664931083961
8.265921787709496,0.4955820181312149
8.268156424581004,0.4974760190385175
8.270391061452514,0.4993466811387046
8.272625698324022,0.5011937544477887
8.27486033519553,0.5030171020521195
8.277094972067038,0.5048168397204895
8.279329608938548,0.5064493681481023
8.281564245810056,0.5080620666256976
8.283798882681564,0.5096592805270572
8.286033519553072,0.511244515676489
8.288268156424582,0.5128204145717311
8.29050279329609,0.5143888967460319
8.292737430167598,0.5159513348676302
8.294972067039106,0.5175087106962515
8.297206703910614,0.5190617355404573
8.299441340782124,0.520610937149873
8.301675977653632,0.5221567201521994
8.30391061452514,0.5236994072890984
8.306145251396648,0.5252392672863335
8.308379888268156,0.5267765336145662
8.310614525139666,0.5283114125139641
8.312849162011172,0.5298440751060435
8.315083798882682,0.5313746639975659
8.31731843575419,0.5329032982535262
8.319553072625697,0.534430065836552
8.321787709497206,0.5359550285019811
8.324022346368714,0.5374782290554767
8.326256983240224,0.5389996970221245
8.32849162011173,0.5405194530867724
8.33072625698324,0.5420375125857201
8.332960893854748,0.5435538882686775
8.335195530726256,0.54506859250357
8.337430167597764,0.546581639060152
8.339664804469272,0.5480930445802844
8.341899441340782,0.549602829819879
8.34413407821229,0.551111020729421
8.346368715083798,0.55261764942615
8.348603351955306,0.5541227550984936
8.350837988826814,0.5556263848753035
8.353072625698324,0.557128594683446
8.355307262569832,0.5586294470191416
8.35754189944134,0.5601289997615211
8.359776536312848,0.5616273047216401
8.362011173184358,0.5631244092673137
8.364245810055866,0.5646203578898016
8.366480446927374,0.5661151937353708
8.368715083798882,0.567608960121827
8.370949720670392,0.5691017020532595
8.3731843575419,0.570593467744958
8.375418994413408,0.5720843101664442
8.377653631284916,0.573574288609311
8.379888268156424,0.5750634702839001
8.382122905027934,0.5765519319486266
8.384357541899442,0.5780397615737443
8.38659217877095,0.5795270600418696
8.388826815642458,0.5810139428862094
8.391061452513966,0.5825005382912422
8.393296089385476,0.5839869738743497
8.395530726256982,0.5854733748923014
8.39776536312849,0.5869598622986726
8.4,0.588446535342666
8.8,0.6163120325052869
8.9,0.6251755833332417
9.0,0.6563672900196739
9.1,0.6799975570677586
9.2,0.7012009001451847
9.2,0.7012009001451847
9.202649006622517,0.7008146321966449
9.205298013245034,0.7003822360473894
9.20794701986755,0.6998977457418084
9.210596026490066,0.6993547758913552
9.213245033112582,0.6987466159556242
9.2158940397351,0.6980663792475041
9.218543046357617,0.6973072170618738
9.221192052980133,0.6964626085835367
9.223841059602648,0.6955267360117653
9.226490066225166,0.6944949490117086
9.229139072847683,0.6933643156241003
9.2317880794702,0.692134264281207
9.234437086092717,0.6908072976132441
9.237086092715233,0.6893897822057077
9.23973509933775,0.6878928044683462
9.242384105960266,0.6863331037136042
9.245033112582782,0.6848040973305597
9.247682119205296,0.683125874734004
9.250331125827817,0.6814145170939844
9.25298013245033,0.6796689372039062
9.255629139072848,0.6778879588959229
9.258278145695364,0.6760703304697491
9.26092715231788,0.6742147438498746
9.263576158940396,0.6723198560225027
9.266225165562911,0.6703843300670591
9.268874172185429,0.6684068903813708
9.271523178807946,0.6663864049839967
9.274172185430462,0.6643219963822369
9.276821192052982,0.6622131847546215
9.279470198675495,0.6600600698711462
9.282119205298011,0.657863559256772
9.28476821192053,0.6556256519520947
9.287417218543046,0.6533497908415299
9.290066225165564,0.6510413039589347
9.29271523178808,0.6487079704583928
9.295364238410595,0.646042544990213
9.298013245033111,0.6435640907879489
9.300662251655629,0.6411856972142872
9.303311258278145,0.6388065430276696
9.305960264900662,0.6364284326687196
9.308609271523178,0.6340533520779794
9.311258278145695,0.6316834884080439
9.313907284768211,0.6293212372042613
9.316556291390729,0.6269691831591414
9.319205298013244,0.6246300309980811
9.32185430463576,0.6223064482305045
9.324503311258278,0.6200007595581286
9.327152317880795,0.617714402839485
9.329801324503311,0.6154470223394368
9.332450331125829,0.6131950537143683
9.335099337748344,0.6109496980312131
9.33774834437086,0.6086944092604953
9.340397350993378,0.606402703348145
9.343046357615894,0.6040387756900669
9.345695364238413,0.6015666191778352
9.348344370860929,0.5979395462355226
9.350993377483444,0.5948588781870439
9.35364238410596,0.5917484753555805
9.356291390728476,0.5886009793796185
9.358940397350992,0.58540953836345
9.36158940397351,0.582167895292154
9.364238410596029,0.5788706305157568
9.366887417218544,0.5755134780160069
9.36953642384106,0.5720936323295316
9.372185430463576,0.5686100167019796
9.374834437086092,0.5650634578227112
9.37748344370861,0.5614566966165506
9.380132450331129,0.5577943729813511
9.382781456953644,0.5540830460800091
9.38543046357616,0.5503309759187022
9.388079470198676,0.5465479264111104
9.390728476821192,0.5427449634825493
9.39337748344371,0.5389344213842231
9.396026490066223,0.5351296474004112
9.398675496688742,0.5313445892323053
9.401324503311258,0.5275933382468481
9.403973509933776,0.5238896703983678
9.406622516556292,0.5202466189100569
9.409271523178807,0.5166761827126679
9.411920529801325,0.5131893457280053
9.41456953642384,0.5097960122799938
9.417218543046356,0.5065050583518909
9.419867549668874,0.5033242681034935
9.42251655629139,0.5002602696937432
9.425165562913907,0.4973185174013025
9.427814569536425,0.4945033007333609
9.43046357615894,0.491817790444182
9.433112582781458,0.489264097643561
9.435761589403974,0.4868432440343871
9.438410596026491,0.4845550995647939
9.441059602649007,0.4823984930690306
9.443708609271525,0.48037133276008
9.44635761589404,0.4784706066138026
9.449006622516556,0.4766925273383245
9.451655629139072,0.4750327167612149
9.45430463576159,0.4727069010032973
9.456953642384104,0.4720482040491267
9.459602649006625,0.4713996798896414
9.46225165562914,0.4707485443926705
9.464900662251654,0.469501789618356
9.46754966887417,0.4688749510683933
9.470198675496688,0.4682302991675696
9.472847682119204,0.4675679712289964
9.475496688741725,0.4664832376094272
9.47814569536424,0.4658259725523498
9.480794701986756,0.4651503052567976
9.483443708609272,0.464368455523576
9.486092715231788,0.4634913826576046
9.488741721854304,0.4627967514270104
9.49139072847682,0.4620846777765517
9.49403973509934,0.461236203356886
9.496688741721854,0.4604762817288907
9.49933774834437,0.4597400161422086
9.501986754966886,0.4589867653274294
9.504635761589403,0.4581591665739077
9.50728476821192,0.4573936158976536
9.509933774834437,0.4566113216284095
9.512582781456953,0.4558129786989197
9.51523178807947,0.4550185865403382
9.517880794701986,0.4542044102912437
9.520529801324503,0.453375445726461
9.52317880794702,0.4525354732935826
9.525827814569537,0.4517480494733298
9.528476821192054,0.4508897919633586
9.53112582781457,0.4500207807719866
9.533774834437086,0.4491859331280312
9.536423841059602,0.4483513035812575
9.53907284768212,0.4474592488262594
9.541721854304637,0.4465575436476895
9.544370860927152,0.4457416000703058
9.547019867549668,0.444831543242313
9.549668874172186,0.4439017758573376
9.552317880794702,0.442961082633964
9.55496688741722,0.4421171009059588
9.557615894039737,0.4411544401252956
9.56026490066225,0.4401770831679358
9.562913907284768,0.4391834585320757
9.565562913907284,0.4382830593578131
9.568211920529802,0.4372558353009617
9.570860927152316,0.436207701258051
9.573509933774837,0.4351630392940095
9.57615894039735,0.4341614320997787
9.578807947019868,0.4330504520003664
9.581456953642384,0.4319167366044819
9.5841059602649,0.4308357976198486
9.586754966887415,0.4296992437516879
9.589403973509937,0.4285040442190122
9.59205298013245,0.4272903072514281
9.594701986754966,0.4261655637078389
9.597350993377484,0.4249184392268555
9.6,0.423654983989732
9.6,0.423654983989732
9.617391304347828,0.4151599618156124
9.634782608695652,0.4060910116797929
9.652173913043478,0.3967535135967139
9.669565217391304,0.3876831027998755
9.68695652173913,0.3789985224480636
9.704347826086956,0.3705891495041636
9.721739130434784,0.3621290386082031
9.73913043478261,0.3536043716127378
9.756521739130434,0.3450424865354294
9.77391304347826,0.3364600052768646
9.791304347826088,0.3278645827163997
9.808695652173911,0.3192609598682734
9.826086956521738,0.310652601085233
9.843478260869563,0.3020417636633777
9.86086956521739,0.2934298789120528
9.878260869565215,0.2848194906067273
9.895652173913042,0.2762138860602799
9.913043478260873,0.267616164322054
9.930434782608696,0.2590284067834119
9.94782608695652,0.2504509548261182
9.965217391304348,0.2418818187745972
9.982608695652171,0.2333169494257102
10.0,0.224752535916906
